<?xml version="1.0" encoding="utf-8"?>
<!-- 
    Android Wheel Control.
    http://android-devblog.blogspot.com/2010/05/wheel-ui-contol.html
   
    Copyright 2010 Yuri Kanivets
    Licensed under the Apache License, Version 2.0 (the "License");
    you may not use this file except in compliance with the License.
    You may obtain a copy of the License at

    http://www.apache.org/licenses/LICENSE-2.0

    Unless required by applicable law or agreed to in writing, software
    distributed under the License is distributed on an "AS IS" BASIS,
    WITHOUT WARRANTIES OR CONDITIONS OF ANY KIND, either express or implied.
    See the License for the specific language governing permissions and
    limitations under the License.
--><layer-list xmlns:android="http://schemas.android.com/apk/res/android">
	<item>
		<shape android:shape="rectangle">
			<gradient android:startColor="#333" android:centerColor="#DDD" android:endColor="#333" android:angle="90"/>
				
				<stroke android:width="1dp" android:color="#FF333333"/>
		</shape>
	</item>
	<item android:left="4dp" android:right="4dp" android:top="1dp" android:bottom="1dp">
		<shape android:shape="rectangle">
			<gradient android:startColor="#AAA" android:centerColor="#FFF" android:endColor="#AAA" android:angle="90"/>
		</shape>
	</item>
</layer-list>